ticket_id,account_id,customer_on_ticket,site,product_sku,channel,contact,opened_at,reported_priority,description,status,restored_at
SR-39385,CRM-2048,ACME Mfg — Milwaukee Plant 2,Milwaukee Plant 2,NS-500,phone,"Johnny Johnson, Director of Plant Operations",2026-06-16T02:14:00-05:00,P1,NS-500 controller on stamping line 4 faulted with a hardware watchdog error at 01:58. Line 4 is stopped. No workaround.,Restored,2026-06-16T10:58:00-05:00
SR-39207,CRM-2063,Cedar Health,Fishers and Carmel outpatient centers,NS-CLOUD,portal,Cedar Health IT service desk,2026-05-22T16:20:00-04:00,P2,NS-Cloud is unavailable to all users at our Fishers and Carmel outpatient centers (2 of our 14 facilities) since about 16:00. Facility operations at both centers are continuing. The other 12 facilities are working normally.,Restored,2026-05-26T18:05:00-04:00
SR-39561,CRM-2051,BlueRiver Logistics,St. Louis dispatch,NS-CLOUD,phone,BlueRiver night dispatch supervisor,2026-07-11T23:20:00-05:00,P1,NS-Cloud has been down for all our users since about 23:10. Dispatch can't see any shipments. No workaround.,Restored,2026-07-12T05:05:00-05:00
SR-39340,CRM-2063,Cedar Health Systems Inc.,All facilities,NS-CLOUD,portal,Cedar Health IT service desk,2026-06-10T07:05:00-04:00,P3,NS-Cloud won't load for anyone. None of our 14 facilities can see equipment status or alarms since about 06:15. Please look at it today.,Restored,2026-06-10T12:35:00-04:00
SR-39881,CRM-2051,Blue River Logistics LLC,St. Louis and Memphis depots,NS-CLOUD,portal,BlueRiver operations manager,2026-08-20T19:45:00-05:00,P2,"Since about 19:00, NS-Cloud shipment-exception alerts and route dashboards have stopped updating for our St. Louis and Memphis depots (2 of our 6). Dispatchers are phoning drivers to track exceptions. The other depots are fine.",Restored,2026-08-24T10:40:00-05:00
SR-39644,CRM-2048,Acme Manufacturing,Milwaukee Plant 2,NS-EDGE,portal,Johnny Johnson,2026-07-23T13:10:00-05:00,P1,NS-Edge gateways on Plant 2 stopped sending vibration data for presses 1–6 (of 14) at about 12:50. The presses are still running. Maintenance techs are doing manual vibration checks on presses 1–6 every two hours.,Restored,2026-07-24T18:40:00-05:00
SR-38862,CRM-2048,Acme Mfg. Holdings,Plant 1,NS-500,phone,Acme Plant 1 shift supervisor,2026-03-31T22:50:00-05:00,P1,NS-500 controller on the Plant 1 paint line is rebooting in a loop. The paint line is stopped. No workaround.,Restored,2026-04-01T05:35:00-05:00
SR-39802,CRM-2091,Acme Industrial,"Akron, OH",NS-EDGE,phone,Amy Barrett,2026-08-10T06:05:00-04:00,P1,All NS-Edge gateways at the Akron distribution center have been offline since about 05:30. Conveyor monitoring is dark and picking has halted. No workaround. We're Acme. We have the Acme Platinum support plan.,Restored,2026-08-10T14:20:00-04:00
SR-39690,CRM-2063,Cedar Health Systems,Central energy plant,NS-EDGE,portal,Cedar Health facilities engineering,2026-07-28T10:30:00-04:00,P2,NS-Edge gateways in our central energy plant stopped forwarding chiller alarms at about 10:10. Our engineers are doing hourly manual rounds.,Restored,2026-07-31T00:50:00-04:00
SR-39857,CRM-2048,Acme Manufacturing,Plant 1,NS-500,phone,Kelly Ballard (Acme IT Architecture),2026-08-17T09:20:00-05:00,P1,NS-500 controllers on Plant 1 assembly line 2 lost communication with the line HMI at about 09:05. Line 2 is stopped. No workaround.,Restored,2026-08-17T15:05:00-05:00
