id	kb	question
S01	01a0ea56-61e7-79e3-99d1-e82b5d6af79a	Can Sarah Chen approve a 15% discount for Acme Manufacturing on an NS-500 Industrial Controller on 2026-09-23?
S02	01a0ea56-61e7-79e3-99d1-e82b5d6af79a	Can we offer Acme Manufacturing 18% on the NS-500 (DR-9001 at 18%) on 2026-09-23?
S03	01a0ea56-61e7-79e3-99d1-e82b5d6af79a	Can Sarah Chen approve 15% for Acme Manufacturing on the NS-Cloud Operations Suite on 2026-09-23?
S04	01a0ea56-61e7-79e3-99d1-e82b5d6af79a	Could Sarah Chen have approved a 15% NS-500 discount for Acme Manufacturing on 2025-09-23?
S05	01a0ea56-65d0-73d2-940d-6f1f9da0d800	Can Sarah Chen's 15% NS-500 discount for Acme (DR-9001) be approved on 2026-09-23?
S06a	01a0ea56-61e7-79e3-99d1-e82b5d6af79a	What is Acme Manufacturing's maximum contractual NS-500 discount on 2026-09-23?
S06b	01a0ea56-61e7-79e3-99d1-e82b5d6af79a	What is Acme Manufacturing's maximum contractual NS-500 discount on 2024-10-01?
S06c	01a0ea56-61e7-79e3-99d1-e82b5d6af79a	What is Acme Manufacturing's maximum contractual NS-500 discount on 2022-10-01?
S07	01a0ea56-61e7-79e3-99d1-e82b5d6af79a	Why is Acme Manufacturing eligible for a 15% discount on the NS-500, and what is the evidence?
S08	01a0ea56-61e7-79e3-99d1-e82b5d6af79a	Which customer do CRM-2048, C-1001 and ACME-MFG-2025 refer to — and is Acme Industrial Supply Co. the same customer?
