invoice_id,erp_customer_id,invoice_date,due_date,amount_usd,paid_date,reference
INV-30001,C-1044,2025-01-11,2025-02-25,343600,2025-03-04,SO-5001
INV-61005,C-1002,2025-01-15,2025-03-01,30000,2025-02-26,NS-CLOUD subscription 2025-Q1
INV-30002,C-2002,2025-02-16,2025-04-02,533900,2025-04-12,SO-5003
INV-30003,C-1044,2025-03-23,2025-05-07,697100,2025-04-28,SO-5005
INV-30004,C-2002,2025-04-14,2025-05-29,138900,2025-06-03,SO-5006
INV-61210,C-1002,2025-04-15,2025-05-30,30000,2025-05-28,NS-CLOUD subscription 2025-Q2
INV-30005,C-1003,2025-04-27,2025-06-11,414300,2025-06-04,SO-5007
INV-30006,C-2003,2025-05-07,2025-06-06,678700,2025-07-26,SO-5008
INV-30007,C-2004,2025-05-25,2025-07-09,677600,2025-07-29,SO-5009
INV-30008,C-2007,2025-06-07,2025-08-06,31600,2025-08-11,SO-5010
INV-30009,C-2007,2025-06-08,2025-08-07,500900,2025-08-27,SO-5011
INV-61433,C-1002,2025-07-15,2025-08-29,30000,2025-09-02,NS-CLOUD subscription 2025-Q3
INV-30010,C-1003,2025-07-23,2025-09-06,470600,2025-09-12,SO-5012
INV-30011,C-2003,2025-07-31,2025-08-30,523700,2025-08-25,SO-5013
INV-30012,C-2005,2025-09-24,2025-11-08,166200,2025-12-28,SO-5015
INV-60412,C-1001,2025-10-14,2025-11-28,85000,2025-11-24,NS-EDGE renewal 2025-26
INV-61688,C-1002,2025-10-15,2025-11-29,30000,2025-12-01,NS-CLOUD subscription 2025-Q4
INV-30013,C-2005,2025-11-14,2025-12-29,556400,2025-12-24,SO-5017
INV-30014,C-1002,2026-01-13,2026-02-27,538300,2026-02-25,SO-5018
INV-61902,C-1002,2026-01-15,2026-03-01,30000,2026-02-27,NS-CLOUD subscription 2026-Q1
INV-30015,C-2007,2026-01-19,2026-03-20,756900,2026-04-24,SO-5019
INV-30016,C-2003,2026-03-17,2026-04-16,655900,2026-04-16,SO-5020
INV-30017,C-2002,2026-03-28,2026-05-12,680000,2026-05-07,SO-5022
INV-30018,C-2008,2026-04-08,2026-05-08,515300,2026-05-13,SO-5023
INV-62147,C-1002,2026-04-15,2026-05-30,30000,2026-07-21,NS-CLOUD subscription 2026-Q2
INV-62011,C-1001,2026-06-10,2026-07-25,480000,2026-07-22,SO-7001
INV-30019,C-2008,2026-07-09,2026-08-08,656800,2026-08-18,SO-5028
INV-62391,C-1002,2026-07-15,2026-08-29,30000,2026-08-28,NS-CLOUD subscription 2026-Q3
INV-30020,C-1002,2026-08-18,2026-10-02,494700,,SO-5030
INV-62305,C-1001,2026-08-18,2026-10-02,720000,,SO-7002
