order_id,erp_customer_id,order_date,order_value_usd,currency,status
SO-5001,C-1044,2025-01-11,343600,USD,Invoiced
SO-5002,C-2004,2025-01-24,125400,USD,Open
SO-5003,C-2002,2025-02-16,533900,USD,Invoiced
SO-5004,C-2008,2025-03-21,698500,USD,Open
SO-5005,C-1044,2025-03-23,697100,USD,Invoiced
SO-5006,C-2002,2025-04-14,138900,USD,Completed
SO-5007,C-1003,2025-04-27,414300,USD,Invoiced
SO-5008,C-2003,2025-05-07,678700,USD,Completed
SO-5009,C-2004,2025-05-25,677600,USD,Completed
SO-5010,C-2007,2025-06-07,31600,USD,Completed
SO-5011,C-2007,2025-06-08,500900,USD,Invoiced
SO-5012,C-1003,2025-07-23,470600,USD,Completed
SO-5013,C-2003,2025-07-31,523700,USD,Completed
SO-5014,C-2006,2025-08-22,312500,USD,Cancelled
SO-5015,C-2005,2025-09-24,166200,USD,Invoiced
SO-5016,C-2004,2025-10-11,417900,USD,Cancelled
SO-5017,C-2005,2025-11-14,556400,USD,Invoiced
SO-5018,C-1002,2026-01-13,538300,USD,Invoiced
SO-5019,C-2007,2026-01-19,756900,USD,Completed
SO-5020,C-2003,2026-03-17,655900,USD,Invoiced
SO-5021,C-2008,2026-03-25,220600,USD,Open
SO-5022,C-2002,2026-03-28,680000,USD,Completed
SO-5023,C-2008,2026-04-08,515300,USD,Invoiced
SO-5024,C-2007,2026-04-15,501600,USD,Cancelled
SO-5025,C-2006,2026-04-28,854500,USD,Open
SO-7001,C-1001,2026-06-10,480000,USD,Completed
SO-5026,C-2001,2026-06-20,173100,USD,Cancelled
SO-5027,C-2006,2026-07-02,582200,USD,Cancelled
SO-5028,C-2008,2026-07-09,656800,USD,Completed
SO-5029,C-2008,2026-07-18,799400,USD,Open
SO-5030,C-1002,2026-08-18,494700,USD,Invoiced
SO-7002,C-1001,2026-08-18,720000,USD,Completed
